Name,Tag,Organisatietype,Telefoon,Fax,E-mail,Internet,Beschrijving,Bezoekadres,Postadres
Politie,Laatst bijgewerkt op:19-12-2018,Politie en brandweer,112 (Bij spoed),No Fax Number,No E-mail,https://www.politie.nl,Non Beschrijving,NOn Bezoekadres,
Brandweer,Laatst bijgewerkt op:19-12-2018,Politie en brandweer,No contact NUmber,No Fax Number,No E-mail,https://www.brandweer.nl,Non Beschrijving,NOn Bezoekadres,
"Landbouw, Natuur en Voedselkwaliteit",Laatst bijgewerkt op:09-01-2020,Ministerie,070 379 8911 (algemeen),No Fax Number,No E-mail,https://www.rijksoverheid.nl/ministeries/ministerie-van-landbouw-natuur-en-voedselkwaliteit,"Het ministerie van Landbouw, Natuur en Voedselkwaliteit staat voor een eerlijke en verantwoorde landbouw en visserij. Boeren, tuinders en vissers moeten economisch perspectief hebben en produceren in verbondenheid met waarden van duurzaamheid en welzijn. Samen met alle betrokkenen wordt er gewerkt aan het herstel en behoud van Nederlandse natuur. Het ministerie van LNV wil de internationale koppositie van de agrarische sector verstevigen met een nadruk op het benutten van kennis en innovatie. Daarmee draagt Nederland bij aan de aanpak van het wereldvoedselvraagstuk. Verder stimuleert het ministerie de vitalisering van de plattelandsregio’s in Nederland.","Bezuidenhoutseweg 73 ,2594 AC Den Haag","Postbus 20401 ,2500 EK Den Haag"
Financiën,Laatst bijgewerkt op:29-08-2019,Ministerie,1400 (algemeen),070 342 7900,No E-mail,https://www.rijksoverheid.nl/ministeries/ministerie-van-financien,"Bij Financiën gaan we over het geld. Niet als doel, maar in dienst van een financieel gezond Nederland. Wij bewaken daarom de balans tussen inkomsten en uitgaven en borgen het goede functioneren van het financiële stelsel. Wij richten ons op het belang van de samenleving als geheel, op korte én lange termijn en zijn ons daarbij bewust van de impact van ons handelen op alle burgers en bedrijven. Wij heffen en innen belastingen en doen dat eerlijk en zorgvuldig. Wij zien erop toe dat de besteding van overheidsgeld en de vormgeving van ons fiscale stelsel zo goed mogelijk aansluiten bij de publieke belangen. Daartoe zetten wij in op evenwichtige besluitvorming, efficiënte uitvoering en effectief toezicht.","Korte Voorhout 7 ,2511 CW 's-Gravenhage","Postbus 20201 ,2500 EE 's-Gravenhage"
Sociale Zaken en Werkgelegenheid,Laatst bijgewerkt op:29-08-2019,Ministerie,070 333 4444 (algemeen),No Fax Number,No E-mail,https://www.rijksoverheid.nl/ministeries/ministerie-van-sociale-zaken-en-werkgelegenheid,"Werk en bestaanszekerheid voor iedereen: samen werken voor samen leven. Het ministerie van Sociale Zaken en Werkgelegenheid werkt aan eerlijk, gezond en veilig werk in Nederland. Iedereen moet de kans krijgen om mee te doen en zich te ontwikkelen zodat je zelf kan bijdragen aan je eigen toekomst. Als het tegenzit zorgen we voor een vangnet, en als je met pensioen gaat voor een inkomen. Dat kan alleen in een land waar mensen er voor elkaar zijn. De bewindslieden zijn onder meer verantwoordelijk voor het arbeidsmarktbeleid, inclusief migratie en vrij verkeer van werknemers, uitkeringen en re-integratie, inkomensbeleid, het combineren van arbeid en zorg, arbeidsomstandighedenbeleid en inspectie daarop.","Parnassusplein 5 ,2511 VX Den Haag","Postbus 90801 ,2509 LV Den Haag"
Sint Eustatius,Laatst bijgewerkt op:10-12-2019,Caribisch openbaar lichaam,+599 318 33 70 (algemeen),No Fax Number,mailto:info@rijksdienstcn.com,https://www.rijksdienstcn.com,Non Beschrijving,"Mazinga Complex A, B ,Fort Oranjestraat",
Sociaal Economische Raad,Laatst bijgewerkt op:18-06-2019,Openbaar lichaam voor beroep en bedrijf,No contact NUmber,No Fax Number,No E-mail,No web Link,Non Beschrijving,"Bezuidenhoutseweg 60 ,2594 AW 's-Gravenhage","Postbus 90405 ,2509 LK 's-Gravenhage"
Justitie en Veiligheid,Laatst bijgewerkt op:09-01-2020,Ministerie,070 370 79 11 (algemeen),070 370 79 00,No E-mail,https://www.rijksoverheid.nl/ministeries/ministerie-van-justitie-en-veiligheid,"Het ministerie van Justitie en Veiligheid zorgt voor de rechtsstaat in Nederland, zodat mensen in vrijheid kunnen samenleven, ongeacht hun levensstijl of opvattingen. Justitie en Veiligheid werkt aan een veiliger en rechtvaardiger samenleving door mensen rechtsbescherming te geven en waar nodig in te grijpen in hun leven. Soms is dat een ingrijpende maatregel, soms worden nieuwe perspectieven geopend. Altijd zijn het ingrepen die alleen Justitie en Veiligheid kan en mag doen. Recht raakt mensen.","Turfmarkt 147 ,2511 DP Den Haag","Postbus 20301 ,2500 EH Den Haag"
"Volksgezondheid, Welzijn en Sport",Laatst bijgewerkt op:24-03-2020,Ministerie,070 340 79 11 (algemeen),070 340 78 34,No E-mail,https://www.rijksoverheid.nl/ministeries/ministerie-van-volksgezondheid-welzijn-en-sport,"We worden met z’n allen steeds ouder en blijven steeds langer vitaal. Daarnaast kunnen we steeds meer ziektes behandelen. Dat is prachtig. Tegelijk maken mensen zich zorgen over de toekomst van de zorg, die veel geld kost en met een tekort aan werknemers kampt. Het ministerie van Volksgezondheid, Welzijn en Sport wil dat mensen erop kunnen vertrouwen dat de zorg goed, betaalbaar en beschikbaar is en blijft.","Parnassusplein 5 ,2511 VX Den Haag","Postbus 20350 ,2500 EJ Den Haag"
Rechtbank Rotterdam,Laatst bijgewerkt op:02-12-2019,Rechtspraak,(088) 362 60 00 (algemeen),No Fax Number,mailto:rechtbankrotterdam@rechtspraak.nl,https://www.rechtspraak.nl/Organisatie-en-contact/Organisatie/Rechtbanken/Rechtbank-Rotterdam,"De rechtbank Rotterdam bestaat uit twee hoofdlocaties, Rotterdam en Dordrecht, waar jaarlijks zo’n 185.000 zaken worden behandeld. De rechtbank Rotterdam heeft ongeveer 950 medewerkers in dienst waarvan 200 rechters. De ambitie van de rechtbank Rotterdam is om het werk op beide locaties te organiseren met de blik van buiten naar binnen. De maatschappij en het perspectief van de rechtzoekende staan daarbij centraal.",NOn Bezoekadres,
"Onderwijs, Cultuur en Wetenschap",Laatst bijgewerkt op:29-08-2019,Ministerie,070 412 34 56 (algemeen),070 412 34 50,No E-mail,https://www.rijksoverheid.nl/ministeries/ministerie-van-onderwijs-cultuur-en-wetenschap,"Het ministerie van Onderwijs, Cultuur en Wetenschap (OCW) werkt aan een slim, vaardig en creatief Nederland. OCW wil dat iedereen goed onderwijs volgt en zich voorbereidt op zelfstandigheid en verantwoordelijkheid. Verder wil het ministerie dat iedereen cultuur kan beleven en dat leraren, kunstenaars en wetenschappers hun werk kunnen doen.","Rijnstraat 50 ,2515 XP Den Haag","Postbus 16375 ,2500 BJ Den Haag"
Vereniging van Nederlandse Gemeenten,Laatst bijgewerkt op:09-01-2020,Koepelorganisatie,(070) 373 83 93 (Klantcontactcentrum),No Fax Number,mailto:info@vng.nl,https://vng.nl,"De Vereniging van Nederlandse Gemeenten (VNG) is de organisatie die alle gemeenten in Nederland en de overzeese gebieden verbindt. De vereniging heeft als doel om de lokale overheid te versterken, zodat gemeenten hun inwoners optimaal kunnen bedienen.","Nassaulaan 12 ,2514 JS Den Haag","Postbus 30435 ,2500 GK Den Haag"
Rechtbank Zeeland-West-Brabant,Laatst bijgewerkt op:02-12-2019,Rechtspraak,(088) 361 60 00 (algemeen),No Fax Number,No E-mail,https://www.rechtspraak.nl/Organisatie-en-contact/Organisatie/Rechtbanken/Rechtbank-Zeeland-West-Brabant,Rechtbank Zeeland-West-Brabant is bevoegd om in het arrondissement recht te spreken in eerste aanleg. Dit betekent dat de rechtbank de eerste instantie is die een juridisch oordeel over een zaak of conflict geeft. Daarna kan een procespartij (bijvoorbeeld de veroordeelde of het Openbaar Ministerie (om.nl)) in hoger beroep gaan bij gerechtshof ’s-Hertogenbosch.,NOn Bezoekadres,"Postbus 90110 ,4800 RA Breda"
Interprovinciaal Overleg,Laatst bijgewerkt op:11-03-2020,Koepelorganisatie,(070) 888 12 12 (algemeen),(070) 888 12 80,mailto:communicatie@ipo.nl,No web Link,"Het Interprovinciaal Overleg (IPO) is het samenwerkingsverband van en voor de twaalf provincies. Hierin bundelen de provincies kennis, kunde en contacten voor onderlinge samenwerking en voor het behartigen van hun gezamenlijke belangen bij regering, parlement, departementen, publieke en private partners. Het IPO is een vereniging waarvan uitsluitend Nederlandse provincies lid kunnen zijn.","Herengracht 23 ,2511 EG Den Haag","Herengracht 23 ,2511 EG Den Haag"
Infrastructuur en Waterstaat,Laatst bijgewerkt op:04-12-2019,Ministerie,070 456 00 00 (algemeen),070 456 11 11,No E-mail,https://www.rijksoverheid.nl/ministeries/ministerie-van-infrastructuur-en-waterstaat,"Het ministerie van Infrastructuur en Waterstaat (IenW) zet in op leefbaarheid en bereikbaarheid, met een vlotte doorstroming in een goed ingerichte, schone en veilige omgeving. Het ministerie werkt aan krachtige verbindingen over de weg, spoor, het water en door de lucht, beschermt tegen wateroverlast en bevordert de kwaliteit van lucht en water. Een leefbaar, bereikbaar en veilig Nederland. Daar werkt IenW aan.","Rijnstraat 8 ,2515 XP Den Haag","Postbus 20901 ,2500 EX Den Haag"
Unie van Waterschappen,Laatst bijgewerkt op:26-06-2019,Koepelorganisatie,(070) 351 97 51 (algemeen),No Fax Number,mailto:info@uvw.nl,https://www.uvw.nl,Non Beschrijving,"Koningskade 40 ,2596 AA Den Haag","Postbus 93218 ,2509 AE Den Haag"
Rechtbank Overijssel,Laatst bijgewerkt op:02-12-2019,Rechtspraak,(088) 361 55 55 (algemeen),No Fax Number,No E-mail,https://www.rechtspraak.nl/Organisatie-en-contact/Organisatie/Rechtbanken/Rechtbank-Overijssel,"De rechtbank Overijssel staat voor goede, tijdige en begrijpelijke rechtspraak en spreekt recht in Almelo, Enschede en Zwolle.",NOn Bezoekadres,
Tweede Kamer der Staten-Generaal,Laatst bijgewerkt op:14-10-2019,"Hoog College van Staat,",No contact NUmber,No Fax Number,No E-mail,http://www.tweedekamer.nl,"ZETELVERDELING: Volkspartij voor Vrijheid en Democratie VVD: 32 zetels, Partij voor de Vrijheid PVV: 20 zetels, Christen Democratisch Appel CDA: 19 zetels, Democraten 66 D66: 19 zetels, GroenLinks GL: 14 zetels, Socialistische Partij SP: 14 zetels, Partij van de Arbeid PvdA: 9 zetels, ChristenUnie CU: 5 zetels, Partij voor de Dieren PvdD: 4 zetels, 50plus: 4 zetels, Staatkundig gereformeerde Partij SGP: 3 zetels, DENK: 3 zetels, Forum voor Democratie FvD: 2 zetels, Lid Van Kooten-Arissen: 1 zetel, Van Haga: 1 zetel, Voorzitter: Arib. K. PvdA","Lange Poten 4 ,2511 CL Den Haag","Postbus 20018 ,2500 EA Den Haag"
Nationale ombudsman,Laatst bijgewerkt op:05-09-2019,Hoog College van Staat,0800 - 33 55 555 (algemeen),No Fax Number,mailto:post@nationaleombudsman.nl,http://www.nationaleombudsman.nl,"De Nationale ombudsman is er voor iedereen die een probleem heeft met de overheid. Denk aan het UWV, de Belastingdienst, de politie, de Sociale Verzekeringsbank, het CJIB en de meeste gemeenten. We behandelen ook klachten over particuliere instellingen die een overheidstaak uitoefenen, zoals de Stichting Centraal Bureau Rijvaardigheidsbewijzen (CBR). We zijn er voor álle soorten problemen met de overheid. Hoe groot of hoe klein dan ook.","Bezuidenhoutseweg 151 ,2594 AG Den Haag","Postbus 93122 ,2509 AC Den Haag"
Kanselarij der Nederlandse Orden,Laatst bijgewerkt op:05-09-2019,Hoog College van Staat,070 375 1200 (algemeen),No Fax Number,mailto:info@kanselarij.nl,http://www.lintjes.nl,Non Beschrijving,"Nassaulaan 18 ,2514 JT Den Haag","Postbus 30436 ,2500 GK Den Haag"
Kabinet van de Koning,Laatst bijgewerkt op:05-09-2019,Kabinet van de Koning,No contact NUmber,No Fax Number,No E-mail,http://www.kabinetvandekoning.nl,Het Kabinet van de Koning is een kleine rijksorganisatie die de Koning ondersteunt in de uitoefening van zijn constitutionele werkzaamheden. Dit heeft onder meer betrekking op de contacten tussen de Koning en de overige leden van de regering.,"Korte Vijverberg 3 ,2513 AB Den Haag","Postbus 20016 ,2500 EA Den Haag"
Provincie Zeeland,Laatst bijgewerkt op:29-08-2019,Provincie,(0118) 63 10 11 (algemeen),(0118) 62 69 49,mailto:provincie@zeeland.nl,https://www.zeeland.nl,"Alle informatie over de Provincie Zeeland, zowel organisatie als provinciaal bestuur, vindt u op de website https://www.zeeland.nl/. U kunt de provincie volgen via twitter @provzeeland en Facebook.","Abdij 6 ,4331 BK Middelburg","Postbus 6001 ,4330 LA Middelburg"
Provincie Utrecht,Laatst bijgewerkt op:29-08-2019,Provincie,(030) 258 91 11 (algemeen),(030) 258 38 48,mailto:info@provincie-utrecht.nl,https://www.provincie-utrecht.nl,Non Beschrijving,"Archimedeslaan 6 ,3584 BA Utrecht","Postbus 80300 ,3508 TH Utrecht"
Algemene Rekenkamer,Laatst bijgewerkt op:07-04-2020,Hoog College van Staat,070-342 43 44 (algemeen),No Fax Number,mailto:voorlichting@rekenkamer.nl,http://www.rekenkamer.nl,"De Algemene Rekenkamer onderzoekt of de rijksoverheid publiek geld zinnig, zuinig en zorgvuldig uitgeeft. Haar wettelijke taak is het controleren van de inkomsten en uitgaven van het Rijk en hierover rapporteert de Algemene Rekenkamer één keer per jaar aan het parlement op Verantwoordingsdag (derde woensdag in mei). Op basis van dit oordeel kan het parlement besluiten of zij decharge verlenen aan het kabinet. Daarnaast rapporteert de Algemene Rekenkamer over afzonderlijke onderzoeken aan het parlement zodat Kamerleden kunnen bepalen of het beleid van een minister doeltreffend is.","Lange Voorhout 8 ,2514 ED Den Haag","Postbus 20015 ,2500 EA Den Haag"
Provincie Zuid-Holland,Laatst bijgewerkt op:29-08-2019,Provincie,0704416611 (algemeen),No Fax Number,mailto:zuidholland@pzh.nl,http://www.zuid-holland.nl,Non Beschrijving,"Zuid-Hollandplein 1 ,2596 AW Den Haag","Postbus 90602 ,2509 LP Den Haag"
Raad van State,Laatst bijgewerkt op:02-01-2020,"Adviescollege,",(070) 426 44 26 (algemeen),(070) 365 13 80,mailto:voorlichting@raadvanstate.nl,https://www.raadvanstate.nl,"De Raad van State heeft twee hoofdtaken. Deze twee taken worden binnen de Raad uitgevoerd door twee afzonderlijke Afdelingen. De Afdeling advisering van de Raad van State is adviseur van de regering voor wetgeving en bestuur. De Afdeling bestuursrechtspraak van de Raad van State is hoogste algemene bestuursrechter van het land. De werkwijze en taken van de Raad van State zijn vastgelegd in de Grondwet en in de Wet op de Raad van State. De Raad van State is een Hoog College van Staat. De Staten-Generaal, de Algemene Rekenkamer en de Nationale ombudsman zijn dat bijvoorbeeld ook. Dit zijn bij de Grondwet geregelde instituten belast met een eigen taak, die zij onafhankelijk van de regering uitvoeren. Zijne Majesteit de Koning is Voorzitter van de Raad van State. De Raad van State bestaat uit een vice-president en maximaal tien leden. De vice-president heeft de dagelijkse leiding over het college en de organisatie van de Raad. In de Afdelingen advisering en bestuursrechtspraak van de Raad van State zijn naast leden ook staatsraden en staatsraden in buitengewone dienst werkzaam. De Raad van State telt op dit moment ruim 60 staatsraden. Het aantal leden en staatsraden dat in de beide Afdelingen tegelijkertijd werkzaam is, is in de wet beperkt tot maximaal tien. Leden en staatsraden worden bij koninklijk besluit benoemd voor het leven. De leden van de Afdeling advisering kunnen ook voor bepaalde tijd worden benoemd. De ministerraad draagt de leden en staatsraden voor, waarbij de Raad zelf een aanbeveling doet. Voor de benoeming van de vice-president wordt de Raad geraadpleegd. Bij de benoeming van leden en staatsraden wordt gelet op bekwaamheid en ervaring op het terrein van wetgeving, bestuur en rechtspraak. Zij komen voort uit de kring van de wetenschap, het bestuur, de rechterlijke macht en de overheid. Leden en staatsraden die alleen in de Afdeling bestuursrechtspraak worden benoemd, moeten een juridische achtergrond hebben. De Raad van State telt ruim 600 medewerkers onder wie ongeveer 250 juristen. De secretaris heeft de leiding over de organisatie, die is opgebouwd uit de volgende onderdelen: De directie Advisering ondersteunt de Afdeling advisering in haar werk als adviseur. De directie is onderverdeeld in sectoren die bestaan uit wetgevingsjuristen. Daarnaast werken er administratieve medewerkers. De directie Bestuursrechtspraak ondersteunt de Afdeling bestuursrechtspraak in haar werk als bestuursrechter en bestaat uit units die zijn opgebouwd uit juristen en administratieve medewerkers. De directie Bedrijfsondersteuning bestaat onder ander uit een afdeling Personeelszaken, een automatiseringsafdeling en een afdeling Bibliotheek en Archief. De directie Bestuursondersteuning verzorgt de inhoudelijke en administratieve ondersteuning aan de vice-president en de secretaris. Ook de afdeling Communicatie valt hieronder.","Kneuterdijk 22 ,2514 EN Den Haag","Postbus 20019 ,2500 EA Den Haag"
Eerste Kamer der Staten-Generaal,Laatst bijgewerkt op:18-02-2020,"Hoog College van Staat,",070-3129200 (algemeen),070-3129390,mailto:postbus@eerstekamer.nl,http://www.eerstekamer.nl,"ZETELVERDELING: Volkspartij voor Vrijheid en Democratie (VVD): 12 zetels, Forum voor Democratie (FVD): 10 zetels, Christen Democratisch Appel (CDA): 9 zetels, GroenLinks (GL): 8 zetels, Democraten 66 (D66): 7 zetels, Partij van de Arbeid (PvdA): 6 zetels, Partij voor de Vrijheid (PVV): 5 zetels, Socialistische Partij (SP): 4 zetels, ChristenUnie (CU): 4 zetels, Partij voor de Dieren (PvdD): 3 zetels, 50PLUS: 2 zetels, Staatkundig Gereformeerde Partij (SGP): 2 zetels, Fractie-Otten: 2 zetels, Onafhankelijke Senaatsfractie (OSF): 1 zetel.","Binnenhof 22 ,2513 AA Den Haag","Postbus 20017 ,2500 EA Den Haag"
Provincie Overijssel,Laatst bijgewerkt op:29-08-2019,Provincie,038 499 88 99 (algemeen),038 425 48 88,mailto:postbus@overijssel.nl,http://www.overijssel.nl,Missie van de provincie Overijssel:,"Luttenbergstraat 2 ,8012 EE Zwolle","Postbus 10078 ,8000 GB Zwolle"
Provincie Noord-Brabant,Laatst bijgewerkt op:07-04-2020,Provincie,(073) 681 2990 (algemeen),(073) 680 7680,mailto:info@brabant.nl,http://www.brabant.nl,Non Beschrijving,"Brabantlaan 1 ,5216 TV 's-Hertogenbosch","Postbus 90151 ,5200 MC 's-Hertogenbosch"
Provincie Noord-Holland,Laatst bijgewerkt op:29-08-2019,Provincie,0235143143 (algemeen),No Fax Number,mailto:post@noord-holland.nl,http://www.noord-holland.nl,Alle informatie over de provincie Noord-Holland staat op de website www.noord-holland.nl. Volg de provincie ook via Twitter @ProvincieNH.,"Houtplein 33 ,2012 DE Haarlem","Postbus 3007 ,2001 DA Haarlem"
Provincie Limburg,Laatst bijgewerkt op:29-08-2019,Provincie,(043) 389 99 99 (algemeen),(043) 361 80 99,mailto:postbus@prvlimburg.nl,https://www.limburg.nl/,"Alle informatie over de Provincie Limburg, zowel organisatie als provinciaal bestuur, vindt u op de website https://www.limburg.nl/","Limburglaan 10 ,6229 GA Maastricht","Postbus 5700 ,6202 MA Maastricht"
Provincie Groningen,Laatst bijgewerkt op:08-04-2020,Provincie,(050)3164911 (algemeen),(050) 316 49  33,mailto:info@provinciegroningen.nl,http://www.provinciegroningen.nl,"De adres- en telecomgegevens gelden voor alle dienstonderdelen, tenzij anders staat vermeld.","Martinikerkhof 12 ,9712 JG Groningen","Postbus 610 ,9700 AP Groningen"
Provincie Drenthe,Laatst bijgewerkt op:29-08-2019,Provincie,(0592) 36 55 55 (algemeen),(0592) 36 57 77,mailto:post@drenthe.nl,http://www.provincie.drenthe.nl,Non Beschrijving,"Westerbrink 1 ,9405 BJ Assen","Postbus 122 ,9400 AC Assen"
Provincie Gelderland,Laatst bijgewerkt op:05-11-2019,Provincie,0263599999 (algemeen),No Fax Number,mailto:provincieloket@gelderland.nl,https://www.gelderland.nl,Alle informatie over de Provincie Gelderland vindt u op de website www.gelderland.nl.,"Markt 11 ,6811 CG Arnhem","Postbus  9090 ,6800 GX Arnhem"
Raden,Laatst bijgewerkt op:06-08-2019,"Adviescollege,",070 426 64 26 (algemeen),070 363 91 53,No E-mail,https://www.rijksoverheid.nl/ministeries/ministerie-van-binnenlandse-zaken-en-koninkrijksrelaties,Non Beschrijving,"Turfmarkt  147 ,2511 DP Den Haag","Postbus 20011 ,2500 EA Den Haag"
Overleg- en Adviescommissies,Laatst bijgewerkt op:06-08-2019,"Adviescollege,",070 340 79 11 (algemeen),070 340 78 34,No E-mail,https://www.rijksoverheid.nl/ministeries/ministerie-van-volksgezondheid-welzijn-en-sport,Non Beschrijving,"Parnassusplein 5 ,2511 VX Den Haag","Postbus 20350 ,2500 EJ Den Haag"
Hoge Raad van Adel,Laatst bijgewerkt op:17-12-2019,Adviescollege,(070) 36 14 281 (algemeen),(070) 36 31 712,mailto:info@hogeraadvanadel.nl,https://www.hogeraadvanadel.nl,"Ingesteld bij besluit van de Soevereine Vorst van 24 juni 1814, nr.10. Samenstelling en bevoegdheid zijn geregeld in de Wet op de adeldom van 10 mei 1994, Stb.360.","Nassaulaan 2-b ,2514 JS Den Haag","Postbus 16325 ,2500 BH Den Haag"
Raad van State,Laatst bijgewerkt op:02-01-2020,"Adviescollege,",(070) 426 44 26 (algemeen),(070) 365 13 80,mailto:voorlichting@raadvanstate.nl,https://www.raadvanstate.nl,"De Raad van State heeft twee hoofdtaken. Deze twee taken worden binnen de Raad uitgevoerd door twee afzonderlijke Afdelingen. De Afdeling advisering van de Raad van State is adviseur van de regering voor wetgeving en bestuur. De Afdeling bestuursrechtspraak van de Raad van State is hoogste algemene bestuursrechter van het land. De werkwijze en taken van de Raad van State zijn vastgelegd in de Grondwet en in de Wet op de Raad van State. De Raad van State is een Hoog College van Staat. De Staten-Generaal, de Algemene Rekenkamer en de Nationale ombudsman zijn dat bijvoorbeeld ook. Dit zijn bij de Grondwet geregelde instituten belast met een eigen taak, die zij onafhankelijk van de regering uitvoeren. Zijne Majesteit de Koning is Voorzitter van de Raad van State. De Raad van State bestaat uit een vice-president en maximaal tien leden. De vice-president heeft de dagelijkse leiding over het college en de organisatie van de Raad. In de Afdelingen advisering en bestuursrechtspraak van de Raad van State zijn naast leden ook staatsraden en staatsraden in buitengewone dienst werkzaam. De Raad van State telt op dit moment ruim 60 staatsraden. Het aantal leden en staatsraden dat in de beide Afdelingen tegelijkertijd werkzaam is, is in de wet beperkt tot maximaal tien. Leden en staatsraden worden bij koninklijk besluit benoemd voor het leven. De leden van de Afdeling advisering kunnen ook voor bepaalde tijd worden benoemd. De ministerraad draagt de leden en staatsraden voor, waarbij de Raad zelf een aanbeveling doet. Voor de benoeming van de vice-president wordt de Raad geraadpleegd. Bij de benoeming van leden en staatsraden wordt gelet op bekwaamheid en ervaring op het terrein van wetgeving, bestuur en rechtspraak. Zij komen voort uit de kring van de wetenschap, het bestuur, de rechterlijke macht en de overheid. Leden en staatsraden die alleen in de Afdeling bestuursrechtspraak worden benoemd, moeten een juridische achtergrond hebben. De Raad van State telt ruim 600 medewerkers onder wie ongeveer 250 juristen. De secretaris heeft de leiding over de organisatie, die is opgebouwd uit de volgende onderdelen: De directie Advisering ondersteunt de Afdeling advisering in haar werk als adviseur. De directie is onderverdeeld in sectoren die bestaan uit wetgevingsjuristen. Daarnaast werken er administratieve medewerkers. De directie Bestuursrechtspraak ondersteunt de Afdeling bestuursrechtspraak in haar werk als bestuursrechter en bestaat uit units die zijn opgebouwd uit juristen en administratieve medewerkers. De directie Bedrijfsondersteuning bestaat onder ander uit een afdeling Personeelszaken, een automatiseringsafdeling en een afdeling Bibliotheek en Archief. De directie Bestuursondersteuning verzorgt de inhoudelijke en administratieve ondersteuning aan de vice-president en de secretaris. Ook de afdeling Communicatie valt hieronder.","Kneuterdijk 22 ,2514 EN Den Haag","Postbus 20019 ,2500 EA Den Haag"
Rechtbank Oost-Brabant,Laatst bijgewerkt op:30-12-2019,Rechtspraak,(088) 362 10 00 (algemeen),No Fax Number,No E-mail,https://www.rechtspraak.nl/Organisatie-en-contact/Organisatie/Rechtbanken/Rechtbank-Oost-Brabant,"Bij de rechtbank Oost-Brabant werken ruim 600 mensen onder wie juridisch medewerkers, rechters, administratief medewerkers en adviseurs. Onze organisatie bestaat uit teams die werken in de rechtsgebieden toezicht, familie- en jeugdrecht, strafrecht, civiel recht en bestuursrecht. Daarnaast zijn er bedrijfsvoeringsteams op gebied van Control, Communicatie, Facilitaire Zaken, HRM en Bestuursondersteuning.",NOn Bezoekadres,
Externe Advies Colleges,Laatst bijgewerkt op:06-08-2019,"Adviescollege,",070 412 34 56 (algemeen),070 412 34 50,No E-mail,https://www.rijksoverheid.nl/ministeries/ministerie-van-onderwijs-cultuur-en-wetenschap,Non Beschrijving,"Rijnstraat 50 ,2515 XP Den Haag","Postbus 16375 ,2500 BJ Den Haag"
Rechtbank Noord-Nederland,Laatst bijgewerkt op:02-12-2019,Rechtspraak,(088) 361 44 44 (algemeen),No Fax Number,mailto:info.rechtbanknoordnederland@rechtspraak.nl,https://www.rechtspraak.nl/Organisatie-en-contact/Organisatie/Rechtbanken/Rechtbank-Noord-Nederland,Rechtbank Noord-Nederland is bevoegd om in haar arrondissement recht te spreken in eerste aanleg.,NOn Bezoekadres,"Postbus 781 ,9700 AT Groningen"
Rechtbank Noord-Holland,Laatst bijgewerkt op:02-12-2019,Rechtspraak,(088) 361 61 00 (algemeen),No Fax Number,No E-mail,https://www.rechtspraak.nl/Organisatie-en-contact/Organisatie/Rechtbanken/Rechtbank-Noord-Holland,Rechtbank Noord-Holland is bevoegd om in zijn arrondissement recht te spreken in eerste aanleg. Dit betekent dat de rechtbank de eerste instantie is die een juridisch oordeel over een zaak of conflict geeft. Als een van de partijen het niet eens zijn met het oordeel van de rechter kan die partij in hoger beroep gaan. Bij rechtbank Noord-Holland werken ongeveer 750 mensen.,NOn Bezoekadres,
Provincie Fryslân,Laatst bijgewerkt op:29-08-2019,Provincie,(058) 292 59 25 (algemeen),(058) 292 51 25,mailto:provincie@fryslan.frl,https://www.fryslan.frl,Non Beschrijving,"Tweebaksmarkt 52 ,8911 KZ Leeuwarden","Postbus 20120 ,8900 HM Leeuwarden"
Provincie Flevoland,Laatst bijgewerkt op:29-08-2019,Provincie,(0320) 265 265 (algemeen),(0320) 26 52 60,mailto:provincie@flevoland.nl,http://www.flevoland.nl,Non Beschrijving,"Visarenddreef 1 ,8232 PH Lelystad","Postbus 55 ,8200 AB Lelystad"
Rechtbank Midden-Nederland,Laatst bijgewerkt op:30-12-2019,Rechtspraak,(088) 362 00 00 (algemeen),No Fax Number,No E-mail,https://www.rechtspraak.nl/Organisatie-en-contact/Organisatie/Rechtbanken/Rechtbank-Midden-Nederland,Uit de voormalige rechtbanken van Utrecht en Zwolle-Lelystad (locatie Lelystad) is op 1 januari 2013 de rechtbank Midden-Nederland ontstaan. Deze is bevoegd om in haar arrondissement recht te spreken in eerste aanleg. Dit betekent dat de rechtbank de eerste instantie is die een juridisch oordeel over een zaak of conflict geeft. Daarna kan een procespartij (bijvoorbeeld de veroordeelde of het Openbaar Ministerie (om.nl)) in hoger beroep gaan bij gerechtshof Arnhem-Leeuwarden. Bij rechtbank Midden-Nederland werken ongeveer 175 rechters en 580 andere medewerkers in vaste dienst.,NOn Bezoekadres,
Rechtbank Den Haag,Laatst bijgewerkt op:02-12-2019,Rechtspraak,(088) 362 22 00 (algemeen),No Fax Number,No E-mail,https://www.rechtspraak.nl/Organisatie-en-contact/Organisatie/Rechtbanken/Rechtbank-Den-Haag,Rechtbank Den Haag (tot 1 januari 2013 rechtbank ’s-Gravenhage) is bevoegd om in zijn arrondissement recht te spreken in eerste aanleg. Dit betekent dat de rechtbank de eerste instantie is die een juridisch oordeel over een zaak of conflict geeft. Daarna kan een procespartij (bijvoorbeeld de veroordeelde of het Openbaar Ministerie (om.nl)) in hoger beroep gaan bij gerechtshof Den Haag. De rechtbank is samen met gerechtshof Den Haag en het College van Beroep voor het bedrijfsleven gevestigd in het Haagse paleis van justitie. Er werken ongeveer 200 rechters en 720 andere medewerkers in vaste dienst.,NOn Bezoekadres,
Rechtbank Gelderland,Laatst bijgewerkt op:30-12-2019,Rechtspraak,(088) 361 20 00 (algemeen),No Fax Number,No E-mail,https://www.rechtspraak.nl/Organisatie-en-contact/Organisatie/Rechtbanken/Rechtbank-Gelderland,"Ruim 160 rechters telt de rechtbank Gelderland. Samen met de ongeveer 600 medewerkers behandelen zij elk jaar zo’n 175.000 rechtszaken. Dat doen zij deskundig en adequaat, met oog voor de belangen van de individuele rechtzoekende. De rechtbank telt 4 locaties: Apeldoorn, Arnhem, Nijmegen en Zutphen. In het 'zaaksverdelingsreglement (officielebekendmakingen.nl)' staat welke zaken op welke locatie worden behandeld.",NOn Bezoekadres,
Rechtbank Limburg,Laatst bijgewerkt op:02-12-2019,Rechtspraak,(088) 361 22 22 (algemeen),No Fax Number,No E-mail,https://www.rechtspraak.nl/Organisatie-en-contact/Organisatie/Rechtbanken/Rechtbank-Limburg,De rechtbank Limburg heeft twee (zittings)locaties:,NOn Bezoekadres,
"Raad van Beroep voor Belastingzaken van Aruba, Curaçao, Sint Maarten en van Bonaire, Sint Eustatius en Saba",Laatst bijgewerkt op:03-04-2020,Rechtspraak,No contact NUmber,No Fax Number,No E-mail,No web Link,Non Beschrijving,NOn Bezoekadres,
Raad voor de rechtspraak,Laatst bijgewerkt op:22-01-2020,Rechtspraak,088 361 00 00 (algemeen),088 361 00 22,No E-mail,https://www.rechtspraak.nl/Organisatie-en-contact/Organisatie/Raad-voor-de-rechtspraak,"De Raad voor de rechtspraak is opgericht in 2002 als onafhankelijke buffer tussen de rechtspraak en de regering. De Raad hoort bij de rechterlijke macht, maar spreekt zelf geen recht.","Kneuterdijk 1 ,2514 EM Den Haag","Postbus 90613 ,2509 LP Den Haag"
"Raad van Beroep in Ambtenarenzaken van Aruba, Curaçao, Sint Maarten en van Bonaire, Sint Eustatius en Saba",Laatst bijgewerkt op:19-03-2020,Rechtspraak,No contact NUmber,No Fax Number,No E-mail,No web Link,Non Beschrijving,NOn Bezoekadres,
Gerechtshof Arnhem-Leeuwarden,Laatst bijgewerkt op:27-12-2019,Rechtspraak,(088) 361 81 81 (algemeen),No Fax Number,mailto:info.hof-arle@rechtspraak.nl,https://www.rechtspraak.nl/Organisatie-en-contact/Organisatie/Gerechtshoven/Gerechtshof-Arnhem-Leeuwarden,"Gerechtshof Arnhem-Leeuwarden behandelt zaken in hoger beroep van de rechtbanken Gelderland, Midden-Nederland, Noord-Nederland en Overijssel, behalve socialezekerheids- en ambtenarenzaken (Centrale Raad van Beroep) en overige zaken op het gebied van bestuursrecht (Raad van State). Er werken ongeveer 400 mensen in vaste dienst.",NOn Bezoekadres,
Gerechtshof ’s-Hertogenbosch,Laatst bijgewerkt op:27-12-2019,Rechtspraak,(088) 362 20 00 (algemeen),No Fax Number,mailto:info.gerechtshofshertogenbosch@rechtspraak.nl,https://www.rechtspraak.nl/Organisatie-en-contact/Organisatie/Gerechtshoven/Gerechtshof-s-Hertogenbosch,"Het gerechtshof ’s-Hertogenbosch behandelt zaken in hoger beroep van de rechtbanken Limburg, Oost-Brabant en Zeeland-West-Brabant, behalve socialezekerheids- en ambtenarenzaken (Centrale Raad van Beroep) en overige zaken op het gebied van bestuursrecht (Raad van State). Het hof is samen met rechtbank Oost-Brabant gevestigd in het Paleis van Justitie in ’s-Hertogenbosch. Er werken ongeveer 260 mensen.","Paleis van Justitie ,Leeghwaterlaan 8","Postbus 70583 ,5201 CZ ’s-Hertogenbosch"
Parket bij de Hoge Raad,Laatst bijgewerkt op:03-03-2020,Rechtspraak,(070) 361 13 11 (algemeen),No Fax Number,mailto:info@hogeraad.nl,https://www.rechtspraak.nl/Organisatie-en-contact/Organisatie/Hoge-Raad-der-Nederlanden/Over-de-Hoge-Raad/Parket/Paginas/default.aspx,"Aan de Hoge Raad is een parket verbonden, waarvan advocaten-generaal en de (plaatsvervangend) procureur-generaal deel uitmaken. De voornaamste taak van het parket is het geven van rechtsgeleerde adviezen, zogenoemde conclusies, aan de Hoge Raad. Het parket is onafhankelijk en wordt geleid door de procureur-generaal. De conclusies worden door de advocaten-generaal (AG’s) namens de procureur-generaal genomen.","Korte Voorhout 8 ,2511 EK ’s-Gravenhage","Postbus 20303 ,2500 EH ’s-Gravenhage"
Rechtbank Amsterdam,Laatst bijgewerkt op:02-12-2019,Rechtspraak,(088) 361 70 00 (algemeen),No Fax Number,No E-mail,https://www.rechtspraak.nl/Organisatie-en-contact/Organisatie/Rechtbanken/Rechtbank-Amsterdam,Rechtbank Amsterdam is bevoegd om in haar arrondissement recht te spreken in eerste aanleg. Dit betekent dat de rechtbank de eerste instantie is die een juridisch oordeel over een zaak of conflict geeft. Daarna kan een procespartij (bijvoorbeeld de veroordeelde of het Openbaar Ministerie (om.nl)) in hoger beroep gaan bij gerechtshof Amsterdam. Bij rechtbank Amsterdam werken ongeveer 200 rechters en 800 andere medewerkers.,"Parnassusweg 220 ,1076 AV Amsterdam","Postbus 84500 ,1080 BN Amsterdam"
College van Beroep voor het bedrijfsleven,Laatst bijgewerkt op:27-12-2019,Rechtspraak,(088) 362 39 10 (algemeen),(088) 361 00 56,mailto:mediation.cbb@rechtspraak.nl,https://www.rechtspraak.nl/Organisatie-en-contact/Organisatie/College-van-Beroep-voor-het-bedrijfsleven,"Het College van Beroep voor het bedrijfsleven (CBb) is één van de vier hoogste bestuursrechters die Nederland kent. De andere drie zijn de Hoge Raad, de Afdeling bestuursrechtspraak van de Raad van State en de Centrale Raad van Beroep.","Prins Clauslaan 14 ,2595 AJ ’s-Gravenhage","Postbus 20021 ,2500 EA ’s-Gravenhage"
"Gerecht in Ambtenarenzaken van Aruba, Curaçao, Sint Maarten en van Bonaire, Sint Eustatius en Saba",Laatst bijgewerkt op:19-03-2020,Rechtspraak,No contact NUmber,No Fax Number,No E-mail,No web Link,Non Beschrijving,NOn Bezoekadres,
Hoge Raad der Nederlanden,Laatst bijgewerkt op:21-01-2020,Rechtspraak,(070) 361 13 11 (algemeen),No Fax Number,mailto:info@hogeraad.nl,https://www.rechtspraak.nl/Organisatie-en-contact/Organisatie/Hoge-Raad-der-Nederlanden,"De Hoge Raad der Nederlanden is de hoogste rechter in Nederland op het gebied van civiel recht, strafrecht en belastingrecht. Hij is dat ook voor Aruba, Curaçao, Sint Maarten en Bonaire, Saba en Sint Eustatius. De Hoge Raad is geen derde instantie maar cassatierechter. Dat betekent dat de Hoge Raad beoordeelt of de feitenrechter het recht goed heeft uitgelegd en toegepast.","Korte Voorhout 8 ,2511 EK ’s-Gravenhage","Postbus 20303 ,2500 EH ’s-Gravenhage"
"Gemeenschappelijk Hof van Justitie van Aruba, Curaçao, Sint Maarten en van Bonaire, Sint Eustatius en Saba",Laatst bijgewerkt op:01-04-2020,Rechtspraak,(+5997) 178 172 (centrale Bonaire),(+5997) 175 779,mailto:focur@caribjustitia.org,http://gemhofvanjustitie.org,"Het Gemeenschappelijk Hof van Justitie van Aruba, Curaçao, Sint Maarten en van Bonaire, Sint Eustatius en Saba verzorgt de rechtspraak in eerste aanleg en in hoger beroep op de eilanden. Het Gemeenschappelijk Hof van Justitie wordt gevormd door een president en de overige leden en plaatsvervangende leden. De leden van het Gemeenschappelijk Hof van Justitie behandelen, zowel in eerste aanleg als in hoger beroep, civiele zaken, strafzaken en bestuursrechtelijke zaken (waaronder belastingzaken).","Fort Oranje ,Plasa Reina Wilhelmina","Plasa Reina Wilhelmina ,Kralendijk, Bonaire"
Gerechtshof Amsterdam,Laatst bijgewerkt op:27-12-2019,Rechtspraak,(088) 361 11 10 (algemeen),(088) 361 00 41,mailto:voorlichting-hof-amsterdam@rechtspraak.nl,https://www.rechtspraak.nl/Organisatie-en-contact/Organisatie/Gerechtshoven/Gerechtshof-Amsterdam,"Gerechtshof Amsterdam behandelt zaken in hoger beroep van de rechtbanken Amsterdam en Noord-Holland, behalve sociale-zekerheids- en ambtenarenzaken (Centrale Raad van Beroep) en overige zaken op het gebied van bestuursrecht (Raad van State).","IJdok 20 ,1013 MM Amsterdam","Postbus 1312 ,1000 BH Amsterdam"
Centrale Raad van Beroep,Laatst bijgewerkt op:27-12-2019,Rechtspraak,(088) 362 11 11 (algemeen),(088) 361 00 49,mailto:crvb@rechtspraak.nl,https://www.rechtspraak.nl/Organisatie-en-contact/Organisatie/Centrale-Raad-van-beroep,"De Centrale Raad van Beroep is een van de vier hoogste bestuursrechters die Nederland kent. De andere drie zijn de Hoge Raad, de Afdeling bestuursrechtspraak van de Raad van State en het College van Beroep voor het bedrijfsleven.","Vrouwe Justitiaplein 1 ,3511 EX Utrecht","Postbus 16002 ,3500 DA Utrecht"
Gerechtshof Den Haag,Laatst bijgewerkt op:27-12-2019,Rechtspraak,(088) 362 23 33 (algemeen/civiele zaken),No Fax Number,mailto:info.gerechtshofdenhaag@rechtspraak.nl,https://www.rechtspraak.nl/Organisatie-en-contact/Organisatie/Gerechtshoven/Gerechtshof-Den-Haag,"Gerechtshof Den Haag behandelt zaken in hoger beroep van de rechtbanken Den Haag en Rotterdam, behalve socialezekerheids- en ambtenarenzaken (Centrale Raad van Beroep) en overige zaken op het gebied van bestuursrecht (Raad van State).","Paleis van Justitie ,Prins Clauslaan 60","Postbus 20302 ,2500 EH Den Haag"
Eerste Kamer der Staten-Generaal,Laatst bijgewerkt op:18-02-2020,"Hoog College van Staat,",070-3129200 (algemeen),070-3129390,mailto:postbus@eerstekamer.nl,http://www.eerstekamer.nl,"ZETELVERDELING: Volkspartij voor Vrijheid en Democratie (VVD): 12 zetels, Forum voor Democratie (FVD): 10 zetels, Christen Democratisch Appel (CDA): 9 zetels, GroenLinks (GL): 8 zetels, Democraten 66 (D66): 7 zetels, Partij van de Arbeid (PvdA): 6 zetels, Partij voor de Vrijheid (PVV): 5 zetels, Socialistische Partij (SP): 4 zetels, ChristenUnie (CU): 4 zetels, Partij voor de Dieren (PvdD): 3 zetels, 50PLUS: 2 zetels, Staatkundig Gereformeerde Partij (SGP): 2 zetels, Fractie-Otten: 2 zetels, Onafhankelijke Senaatsfractie (OSF): 1 zetel.","Binnenhof 22 ,2513 AA Den Haag","Postbus 20017 ,2500 EA Den Haag"
Orde van Octrooigemachtigden,Laatst bijgewerkt op:18-06-2019,Openbaar lichaam voor beroep en bedrijf,No contact NUmber,No Fax Number,No E-mail,No web Link,Non Beschrijving,"Carnegieplein 5kamer 1.03 ,2517 KJ 's-Gravenhage","Postbus 96979 ,2509 JJ 's-Gravenhage"
Tweede Kamer der Staten-Generaal,Laatst bijgewerkt op:14-10-2019,"Hoog College van Staat,",No contact NUmber,No Fax Number,No E-mail,http://www.tweedekamer.nl,"ZETELVERDELING: Volkspartij voor Vrijheid en Democratie VVD: 32 zetels, Partij voor de Vrijheid PVV: 20 zetels, Christen Democratisch Appel CDA: 19 zetels, Democraten 66 D66: 19 zetels, GroenLinks GL: 14 zetels, Socialistische Partij SP: 14 zetels, Partij van de Arbeid PvdA: 9 zetels, ChristenUnie CU: 5 zetels, Partij voor de Dieren PvdD: 4 zetels, 50plus: 4 zetels, Staatkundig gereformeerde Partij SGP: 3 zetels, DENK: 3 zetels, Forum voor Democratie FvD: 2 zetels, Lid Van Kooten-Arissen: 1 zetel, Van Haga: 1 zetel, Voorzitter: Arib. K. PvdA","Lange Poten 4 ,2511 CL Den Haag","Postbus 20018 ,2500 EA Den Haag"
Nederlandse Orde van Advocaten,Laatst bijgewerkt op:18-06-2019,Openbaar lichaam voor beroep en bedrijf,No contact NUmber,No Fax Number,No E-mail,No web Link,Non Beschrijving,"Neuhuyskade 94 ,2596 XM 's-Gravenhage","Postbus 30851 ,2500 GW 's-Gravenhage"
Koninklijke Notariële Beroepsorganisatie,Laatst bijgewerkt op:18-06-2019,Openbaar lichaam voor beroep en bedrijf,No contact NUmber,No Fax Number,No E-mail,No web Link,Non Beschrijving,"Spui 184 ,2511 BW 's-Gravenhage","Postbus 16020 ,2500 BA 's-Gravenhage"
Koninklijke Nederlandse Beroepsorganisatie van Accountants,Laatst bijgewerkt op:18-06-2019,Openbaar lichaam voor beroep en bedrijf,No contact NUmber,No Fax Number,No E-mail,No web Link,Non Beschrijving,"Antonio Vivaldistraat 2 ,1083 HP Amsterdam","Postbus 7984 ,1008 AD Amsterdam"
Saba,Laatst bijgewerkt op:10-12-2019,Caribisch openbaar lichaam,+599 416 39 34 (algemeen),No Fax Number,mailto:info@rijksdienstcn.com,https://www.rijksdienstcn.com,Non Beschrijving,NOn Bezoekadres,
Koninklijke Beroepsorganisatie van Gerechtsdeurwaarders,Laatst bijgewerkt op:18-06-2019,Openbaar lichaam voor beroep en bedrijf,No contact NUmber,No Fax Number,No E-mail,No web Link,Non Beschrijving,"Prinses Margrietplantsoen 49 ,2595 BR 's-Gravenhage","Prinses Margrietplantsoen 49 ,2595 BR 's-Gravenhage"
Bonaire,Laatst bijgewerkt op:12-03-2020,Caribisch openbaar lichaam,+599 717 83 33 (algemeen),+599 717 83 30,mailto:info@rijksdienstcn.com,https://www.rijksdienstcn.com,Non Beschrijving,"Kaya International z/n ,Kralendijk, Bonaire","Postbus 357 ,Kralendijk, Bonaire"
Nederlandse Loodsencorporatie,Laatst bijgewerkt op:18-06-2019,Openbaar lichaam voor beroep en bedrijf,+ 31 (0) 88 900 25 00 (algemeen),No Fax Number,mailto:info@loodswezen.nl,https://www.loodswezen.nl,Non Beschrijving,"Berghaven 16 ,3151 HB Hoek van Holland",
Economische Zaken en Klimaat,Laatst bijgewerkt op:09-01-2020,Ministerie,070 379 89 11 (algemeen),No Fax Number,No E-mail,https://www.rijksoverheid.nl/ministeries/ministerie-van-economische-zaken-en-klimaat,"Het ministerie van Economische Zaken en Klimaat (EZK) staat voor een duurzaam, ondernemend Nederland. We zetten ons in voor een uitstekend ondernemersklimaat en een sterke internationale concurrentiepositie. Door de juiste randvoorwaarden te creëren en door ondernemers de ruimte te geven om te vernieuwen en te groeien. Door samenwerking te stimuleren tussen onderzoekers en ondernemers. Zo bouwen we onze topposities in energie, industrie en diensten verder uit en investeren we in een krachtig en duurzaam Nederland.","Bezuidenhoutseweg 73 ,2594 AC Den Haag","Postbus 20401 ,2500 EK Den Haag"
Afdeling bestuursrechtspraak van de Raad van State,Laatst bijgewerkt op:03-03-2020,"Organisatieonderdeel,",(070) 426 44 26 (algemeen),(070) 365 13 80,mailto:voorlichting@raadvanstate.nl,https://www.raadvanstate.nl,Non Beschrijving,"Kneuterdijk 22 ,2514 EN Den Haag","Postbus 20019 ,2500 EA Den Haag"
Defensie,Laatst bijgewerkt op:29-08-2019,Ministerie,070 318 81 88 (algemeen),070 318 78 88,No E-mail,https://www.defensie.nl,Non Beschrijving,"Plein 4 ,2511 CR Den Haag","Postbus 20701 ,2500 ES Den Haag"
Buitenlandse Zaken,Laatst bijgewerkt op:09-01-2020,Ministerie,070 348 64 86 (algemeen),070 348 48 48,No E-mail,https://www.rijksoverheid.nl/ministeries/ministerie-van-buitenlandse-zaken,"Het ministerie van Buitenlandse Zaken (BZ) is ieder uur van de dag ergens in de wereld actief. Zo is het ministerie er voor u als u voor korte of langere tijd naar het buitenland gaat. Ook behartigt BZ de internationale betrekkingen, vanuit Den Haag en via een netwerk van ruim 150 posten over de hele wereld. Daarnaast geeft het ministerie van Buitenlandse Zaken, in overleg met andere ministeries, vorm aan het Europa van de toekomst.","Rijnstraat 8 ,2515 XP Den Haag","Postbus 20061 ,2500 EB Den Haag"
Algemene Zaken,Laatst bijgewerkt op:09-01-2020,Ministerie,(070) 356 41 00 (algemeen),No Fax Number,No E-mail,https://www.rijksoverheid.nl/ministeries/ministerie-van-algemene-zaken,"Zorgdragen voor zaken betreffende het algemeen regeringsbeleid van het Koninkrijk, voor zover deze zorg niet bepaaldelijk wordt behartigd door een der andere departementen van algemeen bestuur (k.b. van 11 oktober 1947, Stb. H346).","Binnenhof 19 ,2513 AA Den Haag","Postbus 20001 ,2500 EA Den Haag"
Binnenlandse Zaken en Koninkrijksrelaties,Laatst bijgewerkt op:29-08-2019,Ministerie,070 426 64 26 (algemeen),070 363 91 53,No E-mail,https://www.rijksoverheid.nl/ministeries/ministerie-van-binnenlandse-zaken-en-koninkrijksrelaties,"'Samen leven en wonen, in een democratische rechtsstaat, met een slagvaardig bestuur. BZK, duidelijk voor mensen'. Dit is de missie van BZK.","Turfmarkt  147 ,2511 DP Den Haag","Postbus 20011 ,2500 EA Den Haag"
